Model,Train R2,Test R2,RMSE,MAE,CV Mean R2,CV Std
LinearRegression,0.7907455808555336,0.756310570768052,102.68556000762749,77.4447297412276,0.6851659748797201,0.12115240997331284
RandomForestRegressor,0.9772654539965104,0.8392497858038727,83.40014595739198,58.52657142857142,0.811011413436726,0.05545229629857831
GradientBoostingRegressor,0.9944193119009798,0.8912622779143953,68.59321295147605,53.17484610611881,0.8360317223544123,0.06898955675666275
