Model,Train R2,Test R2,RMSE,MAE,CV Mean R2,CV Std
LinearRegression,0.8580429314849872,0.8973374379972432,0.2629190182106777,0.18546260123098438,0.7168942068943294,0.15665269171116222
RandomForestRegressor,0.9502975096325109,0.7596829570477774,0.40226128679894424,0.2893265306122445,0.6796796450915218,0.10360036670269063
GradientBoostingRegressor,0.9862841204329486,0.808143814162721,0.3594213374889154,0.2814111965552978,0.7191970640960034,0.06872508263495473
