Model,Train R2,Test R2,RMSE,MAE,CV Mean R2,CV Std
LinearRegression,0.9998712127134166,0.9996580591902251,0.111866486411696,0.07784767089940145,0.999820861908629,6.39459405560818e-05
RandomForestRegressor,0.9985354576179741,0.9963899975441027,0.363478124429476,0.2604285714285716,0.9851827131405899,0.014172938684494455
GradientBoostingRegressor,0.9999053165796535,0.9968637900730842,0.3387872770413315,0.23927837862738607,0.991152154267105,0.008179027384919687
